<?xml version="1.0" encoding="utf-8"?>
<extension type="component" version="3.0" method="upgrade">
    <name>com_evolutionary</name>
    <creationDate>2014-08-15</creationDate>
    <copyright>Copyright (C) 2014. All rights reserved.</copyright>
    <license>GNU General Public License version 2 or later; see LICENSE.txt</license>
    <author>Dazzle Software</author>
    <authorEmail>support@dazzlesoftware.org</authorEmail>
    <authorUrl>http://dazzlesoftware.org</authorUrl>
    <version>1.0.1</version>
    <description>The evolutionary breedables project for Second Life provides a fast and concise LSL library that simplifies event handling, prim animations, and avatar interactions for rapid virtual pet development. This full featured LSL framework is lightweight and built with progressive enhancement, and has a flexible, easily scale-able design for adding features to physical and non-physical animals, pets, and other creations.All features are optional and extendable!</description>
    
    <install> <!-- Runs on install -->
        <sql>
            <file driver="mysql" charset="utf8">sql/install.mysql.utf8.sql</file>
        </sql>
    </install>
    <uninstall> <!-- Runs on uninstall -->
        <sql>
            <file driver="mysql" charset="utf8">sql/uninstall.mysql.utf8.sql</file>
        </sql>
    </uninstall>
	<update> 
		<schemas> 
			<schemapath type="mysql">sql/updates</schemapath>
		</schemas> 
	</update>
    <files folder="site">
        <filename>index.html</filename>
        <filename>evolutionary.php</filename>
        <filename>controller.php</filename>
        <filename>router.php</filename>
        <folder>views</folder>
        <folder>models</folder>
        <folder>controllers</folder>
        <folder>helpers</folder>
        <folder>assets</folder>
    </files>
    <languages folder="site">
        
			<language tag="en-GB">language/en-GB/en-GB.com_evolutionary.ini</language>
    </languages>
    <administration>
        <menu img="components/com_evolutionary/assets/images/s_com_evolutionary.png" >COM_EVOLUTIONARY</menu>
        <submenu>
            
			<menu link="option=com_evolutionary&amp;view=actions" view="actions" img="components/com_evolutionary/assets/images/s_actions.png" alt="Evolutionary/Actions">COM_EVOLUTIONARY_TITLE_ACTIONS</menu>

			<menu link="option=com_evolutionary&amp;view=animations" view="animations" img="components/com_evolutionary/assets/images/s_animations.png" alt="Evolutionary/Animations">COM_EVOLUTIONARY_TITLE_ANIMATIONS</menu>

			<menu link="option=com_evolutionary&amp;view=configurations" view="configurations" img="components/com_evolutionary/assets/images/s_configurations.png" alt="Evolutionary/Configurations">COM_EVOLUTIONARY_TITLE_CONFIGURATIONS</menu>

			<menu link="option=com_evolutionary&amp;view=textures" view="textures" img="components/com_evolutionary/assets/images/s_textures.png" alt="Evolutionary/Textures">COM_EVOLUTIONARY_TITLE_TEXTURES</menu>

			<menu link="option=com_evolutionary&amp;view=breedables" view="breedables" img="components/com_evolutionary/assets/images/s_breedables.png" alt="Evolutionary/Breedables">COM_EVOLUTIONARY_TITLE_BREEDABLES</menu>

			<menu link="option=com_categories&amp;extension=com_evolutionary" view="categories" img="components/com_evolutionary/assets/images/s_breedables.png" alt="Evolutionary/Categories">COM_EVOLUTIONARY_BREEDABLES_CATEGORY</menu>

        </submenu>
        <files folder="administrator">
            <filename>access.xml</filename>
            <filename>config.xml</filename>
            <filename>controller.php</filename>
            <filename>index.html</filename>
            <filename>evolutionary.php</filename>
            <folder>controllers</folder>
            <folder>assets</folder>
            <folder>helpers</folder>
            <folder>models</folder>
            <folder>sql</folder>
            <folder>tables</folder>
            <folder>views</folder>
            <folder>language</folder>
        </files>
        <languages folder="administrator">
            
			<language tag="en-GB">language/en-GB/en-GB.com_evolutionary.ini</language>
			<language tag="en-GB">language/en-GB/en-GB.com_evolutionary.sys.ini</language>
        </languages>
    </administration>
    <plugins>
        <plugin group="search" plugin="evolutionary"/>
    </plugins>
    <modules>
		<module module="mod_evolutionary" />
	</modules>
</extension>
<!-- Component built by the Joomla Component Creator -->
<!-- http://www.component-creator.com/ -->
